{
	"class_name" : "PinholeCameraParameters",
	"extrinsic" : 
	[
		0.99826264848757029,
		-0.018809245457174446,
		-0.05583813141495373,
		0.0,
		0.035480823163829042,
		-0.56469355933820498,
		0.82453762511456474,
		0.0,
		-0.047040363754960193,
		-0.82508629629104913,
		-0.56304512061691836,
		0.0,
		0.05637619029789942,
		-2.2195122536294161,
		29.449577501401297,
		1.0
	],
	"intrinsic" : 
	{
		"height" : 540,
		"intrinsic_matrix" : 
		[
			467.65371804359688,
			0.0,
			0.0,
			0.0,
			467.65371804359688,
			0.0,
			479.5,
			269.5,
			1.0
		],
		"width" : 960
	},
	"version_major" : 1,
	"version_minor" : 0
}