{
	"class_name" : "PinholeCameraParameters",
	"extrinsic" : 
	[
		0.17060835007874209,
		-0.23748571140861915,
		0.9562914449895239,
		0.0,
		-0.98484189035206138,
		-0.010276940597197397,
		0.17314974877180775,
		0.0,
		-0.031292840893531043,
		-0.97133666736549373,
		-0.23563920883441367,
		0.0,
		12.44357785562228,
		11.931581448983577,
		52.026455426303308,
		1.0
	],
	"intrinsic" : 
	{
		"height" : 540,
		"intrinsic_matrix" : 
		[
			467.65371804359688,
			0.0,
			0.0,
			0.0,
			467.65371804359688,
			0.0,
			429.5,
			269.5,
			1.0
		],
		"width" : 860
	},
	"version_major" : 1,
	"version_minor" : 0
}