{
	"class_name" : "PinholeCameraParameters",
	"extrinsic" : 
	[
		0.030621842645308178,
		0.38588787247924838,
		-0.92203733797848197,
		0.0,
		0.9880937139844771,
		-0.15083756989935262,
		-0.030312371916767819,
		0.0,
		-0.15077504812590353,
		-0.91013107703247742,
		-0.38591230543004745,
		0.0,
		1.6075947178694012,
		3.0025461063912484,
		41.864304810690356,
		1.0
	],
	"intrinsic" : 
	{
		"height" : 540,
		"intrinsic_matrix" : 
		[
			467.65371804359688,
			0.0,
			0.0,
			0.0,
			467.65371804359688,
			0.0,
			429.5,
			269.5,
			1.0
		],
		"width" : 860
	},
	"version_major" : 1,
	"version_minor" : 0
}